pkts_per_sec,bytes_per_sec,avg_pkt_size,src_ip_count,label
1677.198139030184,90568.69950762994,54.0,2,1
2303.241867431532,124375.06084130272,54.0,2,1
2662.6577936158187,143783.5208552542,54.0,2,1
2999.714539713067,161984.58514450563,54.0,2,1
3255.9292443653594,175820.1791957294,54.0,1,1
2784.367637585137,150355.8524295974,54.0,1,1
3615.5808156527796,195241.3640452501,54.0,1,1
3795.024177599521,204931.30559037413,54.0,1,1
3738.9971688147853,201905.8471159984,54.0,1,1
3772.7560784353436,203728.82823550855,54.0,1,1
2826.6733330738152,152640.35998598603,54.0,2,1
3334.8922131961463,180084.1795125919,54.0,2,1
3114.7110931272414,168194.39902887103,54.0,2,1
2991.44127985649,161537.82911225045,54.0,2,1
3689.7946356244415,199248.91032371984,54.0,2,1
3632.4455686580973,196152.06070753725,54.0,2,1
3093.744195608638,167062.18656286647,54.0,2,1
785.4454603411705,42414.05485842321,54.0,2,1
7.182967633510627,703.9308280840414,98.0,2,0
9.557385898437254,936.6238180468508,98.0,2,0
9.575002243621801,938.3502198749364,98.0,2,0
9.566098234511122,937.4776269820899,98.0,2,0
9.549914171225323,935.8915887800815,98.0,2,0
9.565376939862821,937.4069401065565,98.0,2,0
9.553685069088031,936.2611367706271,98.0,2,0
9.567461128353182,937.6111905786119,98.0,2,0
9.557051073151152,936.591005168813,98.0,2,0
4.380577921119517,429.29663626971274,98.0,2,0
2.3879713948138264,234.02119669175497,98.0,2,0
9.570121207900653,937.871878374264,98.0,2,0
9.565214697640883,937.3910403688064,98.0,2,0
9.559811586898606,936.8615355160633,98.0,2,0
9.547922747446695,935.6964292497761,98.0,2,0
9.562080004422768,937.0838404334313,98.0,2,0
9.564447643679838,937.3158690806241,98.0,2,0
9.563198717779116,937.1934743423533,98.0,2,0
9.56091478603191,936.9696490311271,98.0,2,0
9.559242835135286,936.8057978432581,98.0,2,0
9.165442188039178,898.2133344278394,98.0,2,0
1.993555398547909,195.3684290576951,98.0,2,0
9.549719385380984,935.8724997673364,98.0,2,0
9.560029936558372,936.8829337827204,98.0,2,0
9.768177240502911,957.2813695692853,98.0,2,0
9.547684574976202,935.6730883476678,98.0,2,0
9.558716357513344,936.7542030363077,98.0,2,0
9.556006823027476,936.4886686566927,98.0,2,0
9.568230029979821,937.6865429380224,98.0,2,0
9.564704829343166,937.3410732756303,98.0,2,0
9.558564779019552,936.739348343916,98.0,2,0
9.553427569030768,936.2359017650153,98.0,2,0
9.564512165991776,937.322192267194,98.0,2,0
9.569160061348608,937.7776860121636,98.0,2,0
9.551996158071155,936.0956234909733,98.0,2,0
9.567312000301095,937.5965760295073,98.0,2,0
9.557490706294995,936.6340892169096,98.0,2,0
9.56441220221694,937.3123958172602,98.0,2,0
9.563811554807653,937.25353237115,98.0,2,0
9.566667347760161,937.5334000804958,98.0,2,0
9.560611948407628,936.9399709439475,98.0,2,0
9.957073736496431,975.7932261766501,98.0,2,0
3.979250198141671,389.9665194178838,98.0,2,0
109.58387793923896,10739.220038045418,98.0,2,1
1351.1469361444513,132412.39974215624,98.0,2,1
1245.5851560826425,122067.34529609895,98.0,2,1
1110.1327831309436,108793.01274683248,98.0,2,1
1253.5251728970177,122845.46694390774,98.0,2,1
748.8825336647644,73390.48829914692,98.0,2,1
755.9811797541854,74086.15561591017,98.0,2,1
1151.3416106987045,112831.47784847303,98.0,2,1
1285.5711514416198,125985.97284127874,98.0,2,1
1505.3551065950546,147524.80044631535,98.0,2,1
1355.2094366486103,132810.52479156383,98.0,2,1
1870.019951033793,183261.9552013117,98.0,2,1
1921.0222337365337,188260.1789061803,98.0,2,1
1766.5633580443935,173123.20908835056,98.0,2,1
1263.0494441090316,123778.84552268511,98.0,2,1
1150.3202421330982,112731.38372904363,98.0,2,1
1433.4138968818331,140474.56189441966,98.0,2,1
1827.1531334015524,179061.0070733521,98.0,2,1
0.3980251261484029,39.00646236254348,98.0,2,0
1.9922054081844165,195.2361300020728,98.0,2,0
1.9909141340718453,195.10958513904083,98.0,2,0
1.9921928230684338,195.2348966607065,98.0,2,0
1.993611115349327,195.37388930423404,98.0,2,0
1.9943600883769377,195.4472886609399,98.0,2,0
1.994840614560425,195.49438022692163,98.0,2,0
1.5935720706652776,156.17006292519721,98.0,2,0
1.9911835037893597,195.13598337135724,98.0,2,0
1.9896724792453873,194.98790296604795,98.0,2,0
1.9943110623035343,195.44248410574636,98.0,2,0
1.9914949292968458,195.1665030710909,98.0,2,0
0.39792003658246183,38.99616358508126,98.0,2,0
6.374812651809267,624.7316398773082,98.0,2,0
9.551764579960055,936.0729288360855,98.0,2,0
9.568380550911936,937.7012939893698,98.0,2,0
9.567835332927384,937.6478626268836,98.0,2,0
9.574037839988598,938.2557083188826,98.0,2,0
9.552072748997663,936.103129401771,98.0,2,0
9.55339628915948,936.2328363376291,98.0,2,0
3.981786309296394,390.21505831104656,98.0,2,0
1.1941525500455248,117.02694990446143,98.0,2,0
9.545718521283288,935.4804150857622,98.0,2,0
9.573101397849575,938.1639369892583,98.0,2,0
9.567316092167323,937.5969770323976,98.0,2,0
9.55596010474569,936.4840902650776,98.0,2,0
9.568802580469274,937.7426528859888,98.0,2,0
9.554186962084426,936.3103222842738,98.0,2,0
9.550761355579256,935.9746128467671,98.0,2,0
9.544397559972072,935.3509608772632,98.0,2,0
9.558939195704182,936.7760411790099,98.0,2,0
9.558415474364754,936.7247164877458,98.0,2,0
9.565970966052559,937.4651546731507,98.0,2,0
9.558570224870204,936.7398820372799,98.0,2,0
9.554188322299696,936.3104555853702,98.0,2,0
9.553832865883754,936.2756208566079,98.0,2,0
9.96912552196854,976.9743011529168,98.0,2,0
9.54544742061126,935.4538472199037,98.0,2,0
9.562412911247593,937.1164653022641,98.0,2,0
9.571708682328092,938.027450868153,98.0,2,0
9.562251677898889,937.1006644340911,98.0,2,0
9.548140554346928,935.7177743259989,98.0,2,0
9.566837822175833,937.5501065732317,98.0,2,0
9.561242162823497,937.0017319567027,98.0,2,0
9.558350126682448,936.71831241488,98.0,2,0
9.5676098063744,937.6257610246911,98.0,2,0
9.540185959298213,934.938224011225,98.0,2,0
9.558939195704182,936.7760411790099,98.0,2,0
9.561467389278182,937.0238041492618,98.0,2,0
9.558703650149607,936.7529577146615,98.0,2,0
9.541198267399393,935.0374302051404,98.0,2,0
9.765081073766522,956.9779452291192,98.0,2,0
9.561954659428974,937.0715566240395,98.0,2,0
9.570781340382736,937.936571357508,98.0,2,0
9.55809918173443,936.6937198099741,98.0,2,0
9.560360430692198,936.9153222078353,98.0,2,0
9.56191560332705,937.067729126051,98.0,2,0
9.572502389481205,938.105234169158,98.0,2,0
9.566439148852378,937.5110365875331,98.0,2,0
9.562878474671077,937.1620905177655,98.0,2,0
9.572609804918578,938.1157608820206,98.0,2,0
9.551250253871718,936.0225248794284,98.0,2,0
9.960316453886602,976.111012480887,98.0,2,0
9.557785178768455,936.6629475193085,98.0,2,0
2.385974965480818,233.82554661712015,98.0,2,0
490.62564585762794,48081.31329404754,98.0,2,0
672.9889265067986,65952.91479766626,98.0,2,0
817.4930831844188,80114.32215207304,98.0,2,0
1105.7802464298193,108366.4641501223,98.0,2,0
761.2642472976194,74603.8962351667,98.0,2,0
789.1252341308262,77334.27294482097,98.0,2,0
966.5859177545757,94725.41993994842,98.0,2,0
1246.9389315890978,122200.0152957316,98.0,2,0
996.8043020516361,97686.82160106034,98.0,2,0
664.5927394810329,65130.08846914123,98.0,2,0
620.5944893428697,60818.259955601236,98.0,2,0
594.8694211165395,58297.20326942087,98.0,2,0
668.518056599812,65514.76954678157,98.0,2,0
727.4032626535294,71285.51974004589,98.0,2,0
637.9753828440387,62521.58751871579,98.0,2,0
732.0166894595866,71737.63556703948,98.0,2,0
894.0917053331848,87620.9871226521,98.0,2,0
917.6774176360477,89932.38692833268,98.0,2,0
875.814592276637,85829.83004311043,98.0,2,0
1061.4280077424312,104019.94475875827,98.0,2,0
1117.493193917029,109514.33300386883,98.0,2,0
874.5390820783119,85704.83004367456,98.0,2,0
932.7978062727365,91414.18501472817,98.0,2,0
885.2984024207061,86759.2434372292,98.0,2,0
944.1370455200312,92525.43046096306,98.0,2,0
945.3171300084697,92641.07874083004,98.0,2,0
971.5254751333226,95209.49656306561,98.0,2,0
1210.3086242568627,118610.24517717255,98.0,2,0
1171.3776829333922,114795.01292747242,98.0,2,0
914.3085522081609,89602.23811639978,98.0,2,0
880.9792588687096,86335.96736913355,98.0,2,0
790.5557186253837,77474.4604252876,98.0,2,0
922.7783978903018,90432.28299324957,98.0,2,0
836.7850704755596,82004.93690660484,98.0,2,0
823.2242656000992,80675.97802880972,98.0,2,0
1088.715428685939,106694.11201122202,98.0,2,0
1125.811228965115,110329.50043858128,98.0,2,0
850.0648702977618,83306.35728918065,98.0,2,0
1301.9591284888168,127591.99459190405,98.0,2,0
1125.7729474445741,110325.74884956828,98.0,2,0
1079.4694346073816,105788.0045915234,98.0,2,0
1304.898558208177,127880.05870440137,98.0,2,0
1301.6817502252181,127564.81152207137,98.0,2,0
1092.7485501958574,107089.35791919404,98.0,2,0
844.996788955666,82809.68531765527,98.0,2,0
1193.7874498448016,116991.17008479056,98.0,2,0
942.188166948055,92334.44036090939,98.0,2,0
1107.3503138494834,108520.33075724938,98.0,2,0
1032.2374789410935,101159.27293622718,98.0,2,0
861.5737922356765,84434.2316390963,98.0,2,0
952.8110686590643,93375.4847285883,98.0,2,0
1133.800215456678,111112.42111475444,98.0,2,0
955.5711766548033,93645.97531217072,98.0,2,0
1280.3752510727059,125476.77460512517,98.0,2,0
1090.0292351736218,106822.86504701493,98.0,2,0
1244.9080985652206,122000.99365939162,98.0,2,0
1029.008532123516,100842.83614810459,98.0,2,0
1188.4901287101447,116472.03261359419,98.0,2,0
931.3375511387461,91271.08001159712,98.0,2,0
1492.745816543128,146289.09002122653,98.0,2,0
1541.5103846292807,151068.0176936695,98.0,2,0
1183.0313627700712,115937.07355146698,98.0,2,0
1287.4597687572652,126171.05733821199,98.0,2,0
998.3363328244828,97836.96061679932,98.0,2,0
1964.4320671129408,192514.3425770682,98.0,2,0
2416.008686649423,236768.85129164346,98.0,2,0
2351.0639083916435,230404.26302238106,98.0,2,0
2640.6714432651474,258785.80143998444,98.0,2,0
2356.8419502466436,230970.51112417105,98.0,2,0
2648.752139971149,259577.70971717263,98.0,2,0
2720.3971911703225,266598.92473469157,98.0,2,0
2626.7030631228013,257416.90018603453,98.0,2,0
2387.5596808894456,233980.84872716566,98.0,2,0
2252.8129315058377,220775.66728757208,98.0,2,0
2462.775583449695,241352.00717807014,98.0,2,0
2498.355093409636,244838.7991541443,98.0,2,0
2707.566321731577,265341.4995296945,98.0,2,0
1249.4660158459887,122447.6695529069,98.0,2,1
2862.62367437256,280537.12008851086,98.0,2,1
2727.92078662796,267336.23708954005,98.0,2,1
2922.0625339059716,286362.12832278525,98.0,2,1
2887.663716100854,282991.04417788365,98.0,2,1
3058.350326333528,299718.33198068576,98.0,2,1
3006.8407367021505,294670.39219681075,98.0,2,1
2703.0661463277993,264900.4823401243,98.0,2,1
2880.099776976104,282249.7781436582,98.0,2,1
2864.779903025419,280748.4304964911,98.0,2,1
2821.3959101336313,276496.7991930959,98.0,2,1
3264.6208575120495,319932.8440361808,98.0,2,1
3074.8842690642223,301338.6583682938,98.0,2,1
2903.24587379267,284518.0956316817,98.0,2,1
2792.819335228494,273696.2948523924,98.0,2,1
2882.888896691936,282523.1118758097,98.0,2,1
2844.576167102949,278768.46437608905,98.0,2,1
2875.5253511619258,281801.4844138687,98.0,2,1
2867.007702850521,280966.75487935107,98.0,2,1
2694.6130466539953,264072.07857209153,98.0,2,1
2329.883267850508,228328.56024934983,98.0,2,1
2483.244312370953,243357.94261235342,98.0,2,1
2557.526026784827,250637.55062491307,98.0,2,1
2514.1813298987017,246389.7703300728,98.0,2,1
2382.07643935396,233443.49105668807,98.0,2,1
1886.4597346132114,184873.0539920947,98.0,2,1
2.3875964417676325,233.984451293228,98.0,2,0
9.565375576459875,937.4068064930676,98.0,2,0
9.578862257597109,938.7285012445167,98.0,2,0
9.571357381508411,937.9930233878243,98.0,2,0
9.562183098601583,937.0939436629552,98.0,2,0
9.57062482933927,937.9212332752485,98.0,2,0
9.571687749173321,938.0253994189854,98.0,2,0
9.561962379858983,937.0723132261803,98.0,2,0
9.97396968323218,977.4490289567536,98.0,2,0
9.57490706956181,938.3408928170574,98.0,2,0
9.549124205317092,935.8141721210751,98.0,2,0
9.57124498889326,937.9820089115395,98.0,2,0
9.556301204067816,936.5175179986461,98.0,2,0
9.563572134700204,937.2300692006199,98.0,2,0
9.563467647708627,937.2198294754454,98.0,2,0
9.57929751866158,938.7711568288348,98.0,2,0
9.557347787058896,936.6200831317718,98.0,2,0
9.554821771295469,936.3725335869559,98.0,2,0
9.57079134998409,937.9375522984407,98.0,2,0
9.568318250132991,937.695188513033,98.0,2,0
9.563351351828937,937.2084324792357,98.0,2,0
9.571631776187472,938.0199140663722,98.0,2,0
9.574402542031924,938.2914491191286,98.0,2,0
9.56761662657796,937.6264294046401,98.0,2,0
9.56822730154741,937.6862755516462,98.0,2,0
9.547494407770985,935.6544519615566,98.0,2,0
9.542151995740772,935.1308955825956,98.0,2,0
9.545822168180102,935.4905724816499,98.0,2,0
9.564949304863037,937.3650318765776,98.0,2,0
9.55900318985438,936.7823126057292,98.0,2,0
9.557695791523344,936.6541875692877,98.0,2,0
9.56429179408068,937.3005958199067,98.0,2,0
9.562995667532906,937.1735754182249,98.0,2,0
9.54600050042316,935.5080490414697,98.0,2,0
9.566501425163418,937.5171396660149,98.0,2,0
9.545150992593031,935.424797274117,98.0,2,0
9.568817133876639,937.7440791199106,98.0,2,0
9.545642032222078,935.4729191577636,98.0,2,0
9.569368376773225,937.798100923776,98.0,2,0
9.566203688085068,937.4879614323368,98.0,2,0
9.556440916670583,936.5312098337171,98.0,2,0
9.55513421908913,936.4031534707348,98.0,2,0
9.570028405397506,937.8627837289556,98.0,2,0
9.9699065658795,977.050843456191,98.0,2,0
9.56178844613582,937.0552677213102,98.0,2,0
9.567309727043593,937.596353250272,98.0,2,0
9.559221956470118,936.8037517340716,98.0,2,0
9.554145249004232,936.3062344024147,98.0,2,0
9.55476372809244,936.366845353059,98.0,2,0
9.561915149188206,937.0676846204442,98.0,2,0
9.57126819524938,937.9842831344392,98.0,2,0
9.552728127497888,936.1673564947931,98.0,2,0
9.554328879965311,936.3242302366004,98.0,2,0
9.543235289739956,935.2370583945155,98.0,2,0
9.55822079536207,936.7056379454827,98.0,2,0
9.563590306583977,937.2318500452299,98.0,2,0
9.55456330307884,936.3472037017262,98.0,2,0
9.569714073036792,937.8319791576056,98.0,2,0
9.575586079973693,938.4074358374219,98.0,2,0
9.57508922252745,938.3587438076903,98.0,2,0
9.975177544815363,977.5673993919055,98.0,2,0
9.574960803965993,938.3461587886673,98.0,2,0
9.546177934038981,935.5254375358201,98.0,2,0
9.559575090515509,936.8383588705199,98.0,2,0
9.562430624538507,937.1182012047736,98.0,2,0
9.573638566367462,938.2165795040112,98.0,2,0
9.95721083651554,975.8066619785229,98.0,2,0
9.565117445838084,937.3815096921322,98.0,2,0
9.564297700824199,937.3011746807714,98.0,2,0
9.563718874634354,937.2444497141666,98.0,2,0
9.572462336884296,938.1013090146611,98.0,2,0
9.555932436852434,936.4813788115385,98.0,2,0
9.564299518285209,937.3013527919505,98.0,2,0
9.574180803521006,938.2697187450586,98.0,2,0
9.573095480227037,938.1633570622496,98.0,2,0
9.552879974213953,936.1822374729674,98.0,2,0
9.563603481242897,937.2331411618039,98.0,2,0
9.762380087529483,956.7132485778893,98.0,2,0
9.561464210605203,937.0234926393099,98.0,2,0
9.559669506094375,936.8476115972487,98.0,2,0
9.557838267416065,936.6681502067743,98.0,2,0
9.572310322123466,938.0864115680996,98.0,2,0
9.56638005529236,937.5052454186513,98.0,2,0
9.558991843311356,936.7812006445129,98.0,2,0
9.573822036883307,938.2345596145641,98.0,2,0
3.578428944098708,350.6860365216734,98.0,2,0
2375.902867666818,232838.48103134817,98.0,2,0
2475.7309656271996,242621.63463146557,98.0,2,0
1863.774279054516,182649.87934734256,98.0,2,0
2303.4133671625827,225734.50998193314,98.0,2,0
2810.809734496662,275459.35398067284,98.0,2,0
2723.048844800891,266858.7867904873,98.0,2,0
2686.0378555519483,263231.7098440909,98.0,2,0
2658.196249526449,260503.23245359198,98.0,2,0
2654.7878562451615,260169.20991202584,98.0,2,0
2989.768060462707,292997.2699253453,98.0,2,0
2438.6506977677145,238987.76838123603,98.0,2,0
2791.979449756421,273613.9860761293,98.0,2,0
2979.78210936264,292018.6467175387,98.0,2,0
3049.437060588881,298844.83193771035,98.0,2,0
3038.682073894883,297790.8432416986,98.0,2,0
2924.7006103431704,286620.6598136307,98.0,2,0
3178.813625436464,311523.73529277346,98.0,2,0
3123.0957334330833,306063.3818764422,98.0,2,0
2879.2082738764652,282162.4108398936,98.0,2,0
2769.4805959328683,271409.0984014211,98.0,2,0
2540.5905635535505,248977.87522824795,98.0,2,0
1079.5821283629662,105799.04857957068,98.0,2,0
82.07719426237294,8043.5650377125485,98.0,2,0
181.42996880319393,17780.136942713005,98.0,2,0
181.01649931097407,17739.61693247546,98.0,2,0
181.0158017807395,17739.54857451247,98.0,2,0
180.7996799414937,17718.368634266382,98.0,2,0
181.01513991995637,17739.483712155725,98.0,2,0
180.82211600960946,17720.567368941727,98.0,2,0
181.04347626015723,17742.26067349541,98.0,2,0
181.4733932105436,17784.392534633273,98.0,2,0
77.22989784557912,7568.529988866753,98.0,2,0
1402.7589131076238,137470.37348454713,98.0,2,0
2627.775135533153,257521.96328224897,98.0,2,0
2674.3811460649126,262089.35231436143,98.0,2,0
2580.32553363633,252871.90229636035,98.0,2,0
2165.5438539423258,212223.2976863479,98.0,2,0
2555.4459034894116,250433.6985419623,98.0,2,0
2791.640453214024,273580.7644149744,98.0,2,0
2710.9116552217743,265669.34221173386,98.0,2,0
3046.3209585481536,298539.45393771905,98.0,2,0
3130.0598956875474,306745.8697773797,98.0,2,0
2561.5791823105137,251034.75986643034,98.0,2,0
2842.7707351744707,278591.53204709815,98.0,2,0
2657.8137994455356,260465.7523456625,98.0,2,0
3234.823131053845,317012.66684327676,98.0,2,0
2829.6298682061606,277303.72708420374,98.0,2,0
3158.764634439437,309558.93417506485,98.0,2,0
2451.3004980399296,240227.44880791308,98.0,2,0
3062.9838876277913,300172.4209875235,98.0,2,0
2432.963724957954,238430.4450458795,98.0,2,0
2649.2109511706576,259622.67321472443,98.0,2,0
1998.0365266650417,195807.57961317408,98.0,2,0
2548.733216148081,249775.85518251194,98.0,2,0
2119.004004451895,207662.3924362857,98.0,2,0
2649.918874202339,259692.04967182924,98.0,2,0
2594.3401734761733,254245.337000665,98.0,2,0
2805.4952544568678,274938.534936773,98.0,2,0
2768.558844697887,271318.7667803929,98.0,2,0
2129.0955070051614,208651.35968650584,98.0,2,0
2274.2687299256077,222878.33553270958,98.0,2,0
2224.0028109985255,217952.2754778555,98.0,2,0
2285.7252290929155,224001.07245110575,98.0,2,0
2177.4498040450903,213390.08079641886,98.0,2,0
2262.0670615837407,221682.57203520657,98.0,2,0
2394.405115297496,234651.7012991546,98.0,2,0
2222.733764563212,217827.90892719475,98.0,2,0
1888.8984970421534,185112.05271013104,98.0,2,0
2390.497030841258,234268.7090224433,98.0,2,0
2191.664679078282,214783.13854967165,98.0,2,0
2189.5492425130587,214575.82576627977,98.0,2,0
2017.8686088251952,197751.12366486914,98.0,2,0
1709.3180192850502,167513.16588993493,98.0,2,0
1851.1205766178507,181409.81650854938,98.0,2,0
1451.5249621188264,142249.44628764497,98.0,2,0
1654.9737484904406,162187.42735206318,98.0,2,0
1414.3681951203473,138608.08312179404,98.0,2,0
1382.3790490188264,135473.14680384498,98.0,2,0
1643.8133230561593,161093.7056595036,98.0,2,0
1290.810077520486,126499.38759700763,98.0,2,0
1506.9532712199493,147681.42057955504,98.0,2,0
1783.0438924339903,174738.30145853106,98.0,2,0
1667.9184999466995,163456.01299477657,98.0,2,0
978.1858738790071,95862.21564014269,98.0,2,0
1218.380010600851,119401.2410388834,98.0,2,1
2931.3361604060397,287270.9437197919,98.0,2,1
2899.7438374946573,284174.8960744764,98.0,2,1
3146.090140946998,308316.83381280577,98.0,2,1
2692.542857407731,263869.20002595766,98.0,2,1
2954.4412769002574,289535.2451362252,98.0,2,1
2658.328213859468,260516.16495822786,98.0,2,1
2844.3406452652293,278745.38323599246,98.0,2,1
2308.2425236825234,226207.76732088727,98.0,2,1
2034.821786868712,199412.53511313378,98.0,2,1
2427.52562466526,237897.51121719548,98.0,2,1
2572.8927180700066,252143.48637086066,98.0,2,1
2453.444102240883,240437.5220196065,98.0,2,1
2483.997935201318,243431.79764972918,98.0,2,1
2572.896668349734,252143.8734982739,98.0,2,1
2752.587985805516,269753.6226089406,98.0,2,1
2263.3499138503125,221808.29155733064,98.0,2,1
2529.4162745519293,247882.79490608905,98.0,2,1
2225.5176776079134,218100.7324055755,98.0,2,1
2006.155324583413,196603.2218091745,98.0,2,1
2130.1147481682333,208751.24532048684,98.0,2,1
2082.305075017589,204065.89735172372,98.0,2,1
1905.4256990943059,186731.71851124198,98.0,2,1
2482.1060624984957,243246.39412485258,98.0,2,1
2370.839424118186,232342.2635635822,98.0,2,1
2465.677547591275,241636.39966394493,98.0,2,1
2315.3797274418257,226907.21328929893,98.0,2,1
2278.4906339098984,223292.08212317002,98.0,2,1
2480.5804757425917,243096.88662277398,98.0,2,1
2192.872738190847,214901.52834270304,98.0,2,1
2228.4977794228084,218392.78238343523,98.0,2,1
1845.472430639684,180856.29820268904,98.0,2,1
2345.0462354360952,229814.53107273733,98.0,2,1
2147.10625804419,210416.41328833063,98.0,2,1
2061.177763662513,201995.42083892625,98.0,2,1
2289.954455498007,224415.5366388047,98.0,2,1
2219.421657407113,217503.32242589703,98.0,2,1
2284.112990842657,223843.07310258038,98.0,2,1
2307.949576939826,226179.05854010294,98.0,2,1
2247.474750866166,220252.52558488422,98.0,2,1
2086.2737294540993,204454.8254865017,98.0,2,1
2213.6856862479,216941.1972522942,98.0,2,1
2318.26913194491,227190.3749306012,98.0,2,1
2298.104601556921,225214.25095257824,98.0,2,1
2054.9412292033344,201384.24046192676,98.0,2,1
2202.6750354691353,215862.15347597527,98.0,2,1
2419.984198485777,237158.45145160615,98.0,2,1
2110.1450597351395,206794.21585404366,98.0,2,1
2126.8101724046355,208427.3968956543,98.0,2,1
2351.801241394958,230476.52165670588,98.0,2,1
2135.892313080429,209317.44668188205,98.0,2,1
2357.2868376892734,231014.11009354878,98.0,2,1
2015.5026135591374,197519.25612879547,98.0,2,1
2207.9375319041087,216377.87812660265,98.0,2,1
2244.8473207292136,219995.03743146293,98.0,2,1
2088.2433856673374,204647.85179539907,98.0,2,1
2331.9610792060657,228532.18576219445,98.0,2,1
2201.311778784432,215728.55432087436,98.0,2,1
2099.4265103863468,205743.79801786196,98.0,2,1
2157.8053854613113,211464.92777520852,98.0,2,1
1921.2488349105854,188282.38582123735,98.0,2,1
2589.6958719715735,253790.19545321423,98.0,2,1
2497.3710796543637,244742.36580612764,98.0,2,1
2892.1457227386513,283430.2808283878,98.0,2,1
2992.5798359931428,293272.823927328,98.0,2,1
2719.7536667205923,266535.85933861806,98.0,2,1
2844.398364206145,278751.03969220223,98.0,2,1
2666.9019696638015,261356.39302705255,98.0,2,1
2500.822787028455,245080.63312878858,98.0,2,1
2759.5397261107455,270434.89315885305,98.0,2,1
2748.064064369498,269310.2783082108,98.0,2,1
2542.926279570857,249206.77539794394,98.0,2,1
2154.8195544752202,211172.31633857157,98.0,2,1
2248.5190384966195,220354.8657726687,98.0,2,1
2268.8659569139977,222348.8637775718,98.0,2,1
2571.4645092034266,252003.52190193578,98.0,2,1
2271.6208046794404,222618.83885858516,98.0,2,1
2284.1233558755102,223844.0888758,98.0,2,1
2314.2346688500515,226794.99754730504,98.0,2,1
2123.4582465509425,208098.90816199235,98.0,2,1
2439.4736936143922,239068.42197421045,98.0,2,1
2288.9105788527545,224313.23672756992,98.0,2,1
2286.2326608570975,224050.80076399553,98.0,2,1
2375.4714616570404,232796.20324238995,98.0,2,1
2467.5521975810902,241820.11536294685,98.0,2,1
2311.246328493516,226502.14019236455,98.0,2,1
2357.718461002893,231056.40917828353,98.0,2,1
2371.5399942869003,232410.91944011624,98.0,2,1
2442.273765632628,239342.82903199756,98.0,2,1
2570.498450436948,251908.84814282093,98.0,2,1
2199.377172565907,215538.96291145892,98.0,2,1
2239.06495119883,219428.36521748535,98.0,2,1
2211.764849268779,216752.95522834035,98.0,2,1
2441.779400371835,239294.3812364398,98.0,2,1
2441.72118872902,239288.67649544394,98.0,2,1
2433.6338548168346,238496.1177720498,98.0,2,1
2547.876746546008,249691.92116150874,98.0,2,1
2314.9100935149613,226861.18916446622,98.0,2,1
2283.828385360155,223815.18176529522,98.0,2,1
2466.6428752112315,241731.0017707007,98.0,2,1
2637.5052727972193,258475.5167341275,98.0,2,1
2670.825326198796,261740.881967482,98.0,2,1
2807.128370576568,275098.5803165037,98.0,2,1
2694.0505726894958,264016.9561235706,98.0,2,1
2739.6327619705226,268484.01067311125,98.0,2,1
2786.3222888563787,273059.58430792514,98.0,2,1
2308.9057427733255,226272.76279178588,98.0,2,1
2943.094572709355,288423.26812551677,98.0,2,1
2656.5176366256173,260338.7283893105,98.0,2,1
2466.1001718477924,241677.81684108367,98.0,2,1
2613.6650000908626,256139.17000890453,98.0,2,1
2483.383763510188,243371.60882399842,98.0,2,1
2282.499148145464,223684.9165182555,98.0,2,1
2344.699235239151,229780.52505343684,98.0,2,1
2409.4622707284284,236127.302531386,98.0,2,1
2453.0080400539523,240394.7879252873,98.0,2,1
2456.5607838665564,240742.95681892254,98.0,2,1
2264.5766102292596,221928.50780246744,98.0,2,1
2217.7441541338144,217338.9271051138,98.0,2,1
2174.0672260985784,213058.58815766068,98.0,2,1
2399.205066402848,235122.0965074791,98.0,2,1
2289.609745540841,224381.75506300238,98.0,2,1
2198.997249042415,215501.73040615668,98.0,2,1
2452.764980496966,240370.96808870265,98.0,2,1
2402.116036710439,235407.37159762302,98.0,2,1
2324.8197558718734,227832.3360754436,98.0,2,1
2269.3433849960143,222395.6517296094,98.0,2,1
2167.296172439373,212395.02489905857,98.0,2,1
2448.9169798896214,239993.8640291829,98.0,2,1
2493.2642473290944,244339.89623825127,98.0,2,1
2067.798208241996,202644.22440771558,98.0,2,1
2393.281272853808,234541.56473967317,98.0,2,1
2089.786151271961,204799.04282465216,98.0,2,1
2218.111353003066,217374.91259430046,98.0,2,1
2201.915577906056,215787.72663479348,98.0,2,1
2516.2025168335263,246587.84664968555,98.0,2,1
2264.8100521742354,221951.38511307508,98.0,2,1
2152.3624275611865,210931.51790099626,98.0,2,1
2302.051537113254,225601.0506370989,98.0,2,1
2645.078015966689,259217.6455647355,98.0,2,1
2434.611557048089,238591.93259071273,98.0,2,1
2385.02834263296,233732.7775780301,98.0,2,1
2404.4536102856787,235636.45380799653,98.0,2,1
2158.9839447253553,211580.4265830848,98.0,2,1
2330.5513131252274,228394.02868627227,98.0,2,1
2242.338106697982,219749.13445640224,98.0,2,1
2419.7172072639246,237132.28631186462,98.0,2,1
2401.648909479771,235361.59312901756,98.0,2,1
2508.457050297545,245828.79092915938,98.0,2,1
2249.687185867415,220469.34421500665,98.0,2,1
1827.8757004540287,179131.8186444948,98.0,2,1
1939.320183641866,190053.37799690285,98.0,2,1
2269.0238730445353,222364.33955836447,98.0,2,1
2126.944383908551,208440.549623038,98.0,2,1
2076.3548397483046,203482.77429533383,98.0,2,1
2338.5152325498066,229174.49278988107,98.0,2,1
2419.4640789187733,237107.4797340398,98.0,2,1
2266.986867046952,222164.71297060128,98.0,2,1
2070.310103165993,202890.3901102673,98.0,2,1
2149.514982948422,210652.4683289454,98.0,2,1
1998.5114281550934,195854.11995919916,98.0,2,1
2244.196034093662,219931.2113411789,98.0,2,1
2268.1632589603983,222279.999378119,98.0,2,1
2359.8969689447727,231269.90295658773,98.0,2,1
2378.0675425311033,233050.6191680481,98.0,2,1
2507.1120712248494,245696.98298003525,98.0,2,1
2524.4874744067033,247399.77249185694,98.0,2,1
2492.48086592809,244263.12486095284,98.0,2,1
2521.139406867752,247071.6618730397,98.0,2,1
2066.141362539007,202481.85352882268,98.0,2,1
78.86100498493258,7728.378488523393,98.0,2,0
180.7563145481695,17714.118825720612,98.0,2,0
181.34774441561999,17772.07895273076,98.0,2,0
181.14652731240398,17752.35967661559,98.0,2,0
180.5541846039053,17694.310091182717,98.0,2,0
180.85998527448496,17724.278556899528,98.0,2,0
180.99696217816768,17737.702293460432,98.0,2,0
181.14563399341398,17752.27213135457,98.0,2,0
180.5214194993034,17691.099110931733,98.0,2,0
181.1304726441645,17750.78631912812,98.0,2,0
180.78878509274193,17717.30093908871,98.0,2,0
181.33046611247286,17770.38567902234,98.0,2,0
180.81155666191015,17719.532552867193,98.0,2,0
180.7021211703095,17708.80787469033,98.0,2,0
181.47423878668778,17784.475401095402,98.0,2,0
181.0104305189603,17739.02219085811,98.0,2,0
180.64755314952413,17703.460208653367,98.0,2,0
181.22864585262275,17760.40729355703,98.0,2,0
180.50110596155244,17689.10838423214,98.0,2,0
181.47591270555975,17784.639445144854,98.0,2,0
181.537247744088,17790.650278920624,98.0,2,0
181.00627123283795,17738.61458081812,98.0,2,0
180.87542090484445,17725.791248674755,98.0,2,0
180.6026593085471,17699.060612237612,98.0,2,0
181.15837266699856,17753.52052136586,98.0,2,0
180.84734324842822,17723.039638345963,98.0,2,0
181.2533542622869,17762.828717704117,98.0,2,0
180.9109234022879,17729.270493424214,98.0,2,0
181.17473242862076,17755.123778004832,98.0,2,0
176.99865856892617,17345.868539754767,98.0,2,0
153.95385980976968,15087.478261357428,98.0,2,0
180.95979219331784,17734.059634945148,98.0,2,0
180.89819692127634,17728.02329828508,98.0,2,0
181.08646569223347,17746.47363783888,98.0,2,0
180.96504597767947,17734.574505812587,98.0,2,0
180.9530856778331,17733.402396427642,98.0,2,0
180.84010407963706,17722.33019980443,98.0,2,0
180.81772900890118,17720.137442872317,98.0,2,0
180.60265072513113,17699.05977106285,98.0,2,0
180.97435048178292,17735.486347214726,98.0,2,0
180.77589578795357,17716.03778721945,98.0,2,0
181.17703369176317,17755.34930179279,98.0,2,0
180.43015165471726,17682.15486216229,98.0,2,0
180.6828147066872,17706.915841255348,98.0,2,0
179.32149220808964,17573.506236392783,98.0,2,0
179.65376703042887,17606.069168982027,98.0,2,0
180.72156636034202,17710.71350331352,98.0,2,0
180.91552118715887,17729.721076341568,98.0,2,0
180.8185703350052,17720.219892830508,98.0,2,0
180.79113683719524,17717.531410045132,98.0,2,0
180.9753308641784,17735.582424689484,98.0,2,0
180.78260633870875,17716.695421193457,98.0,2,0
181.1485262859636,17752.555576024435,98.0,2,0
180.1265622912206,17652.403104539622,98.0,2,0
181.08734494831174,17746.55980493455,98.0,2,0
180.89723455934435,17727.928986815747,98.0,2,0
181.0342507017854,17741.35656877497,98.0,2,0
180.92597234880128,17730.745290182524,98.0,2,0
180.74615061068496,17713.122759847127,98.0,2,0
179.9174645624381,17631.911527118933,98.0,2,0
180.92061769656078,17730.220534262957,98.0,2,0
180.85010130363955,17723.309927756676,98.0,2,0
181.32350909299302,17769.703891113317,98.0,2,0
181.116022591304,17749.37021394779,98.0,2,0
180.85589703465754,17723.87790939644,98.0,2,0
180.82504365688564,17720.85427837479,98.0,2,0
180.78549837928446,17716.978841169876,98.0,2,0
181.54259257083652,17791.17407194198,98.0,2,0
180.91952617712977,17730.113565358715,98.0,2,0
181.003302035987,17738.323599526724,98.0,2,0
181.32732180076704,17770.07753647517,98.0,2,0
181.19682333783922,17757.288687108245,98.0,2,0
180.70399030988864,17708.991050369088,98.0,2,0
180.7264487300672,17711.191975546586,98.0,2,0
180.97658645714517,17735.70547280023,98.0,2,0
180.84214781946594,17722.53048630766,98.0,2,0
180.4154863236011,17680.717659712907,98.0,2,0
180.9176353872366,17729.928267949188,98.0,2,0
180.78751513889665,17717.176483611875,98.0,2,0
181.22257950946954,17759.812791928016,98.0,2,0
181.19364576056117,17756.977284534994,98.0,2,0
180.71786430676676,17710.35070206314,98.0,2,0
181.08353055890467,17746.185994772655,98.0,2,0
180.36389290919527,17675.661505101136,98.0,2,0
180.76365160393098,17714.837857185237,98.0,2,0
180.99220542587673,17737.23613173592,98.0,2,0
180.9509104661162,17733.189225679387,98.0,2,0
180.70993237282818,17709.57337253716,98.0,2,0
180.93532441174122,17731.661792350642,98.0,2,0
180.5247726587237,17691.427720554922,98.0,2,0
180.90285759456597,17728.480044267468,98.0,2,0
181.43273720047483,17780.408245646533,98.0,2,0
180.74458932971226,17712.9697543118,98.0,2,0
181.1430722940276,17752.021084814707,98.0,2,0
181.02101642143802,17740.059609300926,98.0,2,0
181.18125713576728,17755.763199305195,98.0,2,0
180.42332399272485,17681.485751287033,98.0,2,0
180.84801309405196,17723.105283217094,98.0,2,0
180.8670371867642,17724.969644302895,98.0,2,0
180.96413449731006,17734.485180736385,98.0,2,0
181.1103035615371,17748.809749030635,98.0,2,0
181.02017321037133,17739.97697461639,98.0,2,0
180.78883678449455,17717.306004880465,98.0,2,0
180.96489119734687,17734.559337339993,98.0,2,0
180.80218305492863,17718.613939383005,98.0,2,0
180.60680004542428,17699.46640445158,98.0,2,0
180.6829518606165,17706.929282340418,98.0,2,0
180.77052971349443,17715.51191192245,98.0,2,0
181.04717631738637,17742.623279103867,98.0,2,0
181.10759920637375,17748.544722224626,98.0,2,0
180.96818463598834,17734.88209432686,98.0,2,0
180.8816921138319,17726.405827155526,98.0,2,0
181.13819585896513,17751.543194178583,98.0,2,0
180.4753026147608,17686.57965624656,98.0,2,0
180.23676012461058,17663.202492211836,98.0,2,0
180.8106381428163,17719.442537995994,98.0,2,0
181.00224392843268,17738.219904986403,98.0,2,0
180.4719341508437,17686.249546782685,98.0,2,0
180.37704299774674,17676.950213779182,98.0,2,0
180.9233594451902,17730.489225628637,98.0,2,0
180.80116163084259,17718.51383982257,98.0,2,0
180.76036267002357,17714.51554166231,98.0,2,0
180.60080677646275,17698.879064093348,98.0,2,0
180.44190638125232,17683.306825362728,98.0,2,0
180.18396500155396,17658.028570152288,98.0,2,0
180.8206650993189,17720.42517973325,98.0,2,0
180.89109974272463,17727.327774787012,98.0,2,0
180.88449282159732,17726.680296516537,98.0,2,0
180.90231746643894,17728.42711171102,98.0,2,0
180.80849210654063,17719.23222644098,98.0,2,0
180.62096236819067,17700.854312082687,98.0,2,0
180.16357184419635,17656.030040731242,98.0,2,0
180.68426340558105,17707.057813746942,98.0,2,0
180.59561121710877,17698.36989927666,98.0,2,0
180.78233172839006,17716.668509382227,98.0,2,0
181.19820979536783,17757.42455994605,98.0,2,0
180.8703698910516,17725.29624932306,98.0,2,0
180.57262059756087,17696.116818560964,98.0,2,0
180.95891515919365,17733.973685600977,98.0,2,0
181.45704407820932,17782.790319664513,98.0,2,0
180.72010252435425,17710.57004738672,98.0,2,0
181.19023253705333,17756.642788631227,98.0,2,0
180.77380206078908,17715.83260195733,98.0,2,0
180.7699150647765,17715.451676348097,98.0,2,0
181.03175514328137,17741.112004041574,98.0,2,0
181.0952411588926,17747.333633571474,98.0,2,0
49.803602318205094,4880.753027184099,98.0,2,0
702.3675128717482,68832.01626143133,98.0,2,1
1717.144784924057,168280.18892255757,98.0,2,1
1459.5302225783375,143033.9618126771,98.0,2,1
1587.1886466865374,155544.48737528065,98.0,2,1
2016.3034581178965,197597.73889555386,98.0,2,1
1808.1239376872363,177196.14589334917,98.0,2,1
1946.0192847797173,190709.8899084123,98.0,2,1
2120.2416226425175,207783.6790189667,98.0,2,1
2136.661789205293,209392.85534211874,98.0,2,1
2143.5096572435864,210063.94640987145,98.0,2,1
2102.0092703071095,205996.90849009674,98.0,2,1
2468.922774394478,241954.43189065886,98.0,2,1
2290.3102345373723,224450.40298466248,98.0,2,1
2167.7515544683442,212439.65233789774,98.0,2,1
2151.511519719488,210848.12893250983,98.0,2,1
2265.5996535052877,222028.7660435182,98.0,2,1
2473.6514648900193,242417.84355922192,98.0,2,1
2354.8747590667585,230777.72638854236,98.0,2,1
2248.1519413114834,220318.8902485254,98.0,2,1
2399.598599507097,235160.66275169546,98.0,2,1
2169.319415321786,212593.30270153502,98.0,2,1
1599.9815991352248,156798.19671525204,98.0,2,1
1716.6431146021457,168231.02523101028,98.0,2,1
2290.5000688924074,224469.00675145592,98.0,2,1
2195.00319403944,215110.3130158651,98.0,2,1
2289.287459704118,224350.1710510036,98.0,2,1
2429.434787346508,238084.6091599578,98.0,2,1
2279.341764136766,223375.49288540304,98.0,2,1
2073.8296397074428,203235.3046913294,98.0,2,1
2019.9199091011553,197952.15109191323,98.0,2,1
1970.389479721463,193098.16901270338,98.0,2,1
2431.704322520662,238307.02360702486,98.0,2,1
1897.8294514123072,185987.28623840612,98.0,2,1
2205.1988696128037,216109.48922205478,98.0,2,1
2246.7729088669507,220183.74506896117,98.0,2,1
2534.428374710091,248373.9807215889,98.0,2,1
2658.8412589562477,260566.44337771228,98.0,2,1
2586.2620204014233,253453.6779993395,98.0,2,1
2025.9051433893812,198538.70405215936,98.0,2,1
2305.4603013197507,225935.10952933558,98.0,2,1
2217.0348585616684,217269.4161390435,98.0,2,1
2338.403358512675,229163.52913424216,98.0,2,1
2433.3848464716293,238471.71495421967,98.0,2,1
2157.9546532920112,211479.5560226171,98.0,2,1
2333.491516992082,228682.16866522405,98.0,2,1
2376.8287733847596,232929.21979170645,98.0,2,1
2387.201239865319,233945.7215068013,98.0,2,1
2249.371538557467,220438.41077863175,98.0,2,1
2351.230150243087,230420.55472382254,98.0,2,1
2470.6599466620683,242124.6747728827,98.0,2,1
1932.1098122866692,189346.76160409357,98.0,2,1
2132.0968665580194,208945.4929226859,98.0,2,1
1864.7822477282468,182748.66027736818,98.0,2,1
2518.641338993517,246826.85122136466,98.0,2,1
2246.7600378428906,220182.48370860328,98.0,2,1
2326.058788150637,227953.7612387624,98.0,2,1
2516.8303158586255,246649.3709541453,98.0,2,1
2184.181882990429,214049.82453306203,98.0,2,1
2093.2906896136146,205142.4875821342,98.0,2,1
2354.0054610165344,230692.53517962038,98.0,2,1
1701.6613066411217,166762.80805082995,98.0,2,1
1139.166702716693,111638.33686623591,98.0,2,1
977.7625312265147,95820.72806019844,98.0,2,1
1390.4118949417318,136260.3657042897,98.0,2,1
260.46820457073693,25525.884047932217,98.0,2,1
121.82987814508735,11939.32805821856,98.0,2,1
786.5646132397892,77083.33209749934,98.0,2,1
1190.7850116646382,116696.93114313454,98.0,2,1
902.6888154782995,88463.50391687335,98.0,2,1
220.43057518248176,21602.19636788321,98.0,2,1
98.10968748252793,9614.749373287737,98.0,2,1
180.8318265470696,17721.51900161282,98.0,2,1
180.50991164891528,17689.971341593697,98.0,2,1
180.47802833409156,17686.846776740975,98.0,2,1
180.68940203935355,17707.561399856648,98.0,2,1
179.68051711389404,17608.690677161616,98.0,2,1
178.47116870058588,17490.174532657416,98.0,2,1
178.1832557741545,17461.95906586714,98.0,2,1
178.63138042982396,17505.875282122746,98.0,2,1
116.41805765054082,11408.969649753,98.0,2,0
180.9359605246667,17731.724131417337,98.0,2,0
181.13628326530704,17751.35576000009,98.0,2,0
180.14726168311677,17654.43164494544,98.0,2,0
178.64924939031818,17507.62644025118,98.0,2,0
179.85731965941957,17626.017326623118,98.0,2,0
179.71802936663642,17612.36687793037,98.0,2,0
178.59770262645648,17502.574857392734,98.0,2,0
178.72305771619935,17514.85965618754,98.0,2,0
179.3914903426882,17580.366053583442,98.0,2,0
179.11379686942252,17553.152093203407,98.0,2,0
159.7076182728704,15651.3465907413,98.0,2,0
77.95665690221313,7639.752376416886,98.0,2,0
180.73477665723422,17712.008112408952,98.0,2,0
180.4808160455572,17687.119972464603,98.0,2,0
180.9269006353583,17730.836262265115,98.0,2,0
180.95974920125084,17734.055421722584,98.0,2,0
181.1481729779595,17752.52095184003,98.0,2,0
180.9212880851021,17730.286232340008,98.0,2,0
180.98892831524424,17736.914974893934,98.0,2,0
181.00305256235967,17738.29915111125,98.0,2,0
181.02214358319392,17740.170071153003,98.0,2,0
180.95788336522548,17733.872569792096,98.0,2,0
180.9784440786949,17735.8875197121,98.0,2,0
180.9477380178833,17732.878325752565,98.0,2,0
181.24156292340302,17761.673166493496,98.0,2,0
181.37278278703383,17774.532713129316,98.0,2,0
181.0525478285359,17743.149687196517,98.0,2,0
180.96982710057858,17735.043055856702,98.0,2,0
181.46227202914946,17783.302658856646,98.0,2,0
181.54513989302924,17791.423709516865,98.0,2,0
181.3958321818319,17776.791553819527,98.0,2,0
180.9974720508518,17737.752260983478,98.0,2,0
180.81933440325074,17720.294771518573,98.0,2,0
180.92369464899926,17730.522075601926,98.0,2,0
180.9926527047733,17737.27996506778,98.0,2,0
181.00344827946756,17738.33793138782,98.0,2,0
180.92837903731836,17730.9811456572,98.0,2,0
180.6545437949611,17704.14529190619,98.0,2,0
181.02312448347305,17740.26619938036,98.0,2,0
180.99325481447116,17737.338971818175,98.0,2,0
180.55056441896534,17693.955313058603,98.0,2,0
180.97677565759582,17735.72401444439,98.0,2,0
180.86908141228628,17725.169978404057,98.0,2,0
180.67849446449648,17706.492457520657,98.0,2,0
181.04067923316023,17741.986564849703,98.0,2,0
181.1380666283916,17751.53052958238,98.0,2,0
180.87817846509247,17726.061489579064,98.0,2,0
180.80344483002756,17718.7375933427,98.0,2,0
181.13977248681,17751.697703707378,98.0,2,0
181.1201915092712,17749.778767908578,98.0,2,0
180.74653655138013,17713.160582035252,98.0,2,0
181.29632386351383,17767.039738624357,98.0,2,0
181.05547433484804,17743.43648481511,98.0,2,0
181.13873001395868,17751.59554136795,98.0,2,0
180.7933253745106,17717.745886702036,98.0,2,0
180.60202438374944,17698.998389607445,98.0,2,0
181.06931627010223,17744.79299447002,98.0,2,0
181.28599931310347,17766.02793268414,98.0,2,0
181.09199475995408,17747.0154864755,98.0,2,0
181.46524847242375,17783.594350297528,98.0,2,0
181.13008053675443,17750.747892601936,98.0,2,0
181.27813828809553,17765.25755223336,98.0,2,0
180.94663757402157,17732.770482254113,98.0,2,0
180.62085798485396,17700.844082515687,98.0,2,0
180.7729520975407,17715.749305558988,98.0,2,0
180.84219934291573,17722.53553560574,98.0,2,0
180.9587431927152,17733.956832886088,98.0,2,0
181.2826154586357,17765.696314946297,98.0,2,0
180.25359619647494,17664.852427254544,98.0,2,0
180.20778921047176,17660.36334262623,98.0,2,0
180.85251321124437,17723.546294701948,98.0,2,0
180.65886383773352,17704.568656097883,98.0,2,0
180.2053739605869,17660.126648137517,98.0,2,0
180.57930685257145,17696.772071552,98.0,2,0
180.96365296421783,17734.43799049335,98.0,2,0
181.50264782144038,17787.259486501156,98.0,2,0
180.72604564698963,17711.152473404985,98.0,2,0
181.42942548280394,17780.083697314785,98.0,2,0
180.74272848594077,17712.787391622194,98.0,2,0
181.14292582483898,17752.00673083422,98.0,2,0
180.95942246220937,17734.02340129652,98.0,2,0
181.017901742092,17739.754370725015,98.0,2,0
181.1064680084278,17748.433864825925,98.0,2,0
180.92855094609106,17730.997992716922,98.0,2,0
180.90860311360586,17729.043105133376,98.0,2,0
180.13426445480187,17653.15791657058,98.0,2,0
181.0637189441757,17744.244456529217,98.0,2,0
181.06661679440734,17744.52844585192,98.0,2,0
180.66913657831705,17705.57538467507,98.0,2,0
181.13795462871036,17751.519553613616,98.0,2,0
180.82452852145985,17720.803795103064,98.0,2,0
181.07287178538468,17745.1414349677,98.0,2,0
180.74278062558326,17712.79250130716,98.0,2,0
180.44411698925467,17683.523464946957,98.0,2,0
180.20397794142005,17659.989838259164,98.0,2,0
180.9437317787858,17732.48571432101,98.0,2,0
180.70470508798778,17709.061098622802,98.0,2,0
180.8081744974995,17719.20110075495,98.0,2,0
180.74067785702854,17712.586429988798,98.0,2,0
180.52502993952808,17691.45293407375,98.0,2,0
181.08751715929964,17746.576681611365,98.0,2,0
180.01281645970013,17641.256013050614,98.0,2,0
180.76855079454938,17715.31797786584,98.0,2,0
181.424665100455,17779.61717984459,98.0,2,0
180.8951809819595,17727.72773623203,98.0,2,0
180.33000732322054,17672.34071767561,98.0,2,0
181.15430308651545,17753.121702478515,98.0,2,0
180.68460629629314,17707.09141703673,98.0,2,0
180.66674866316313,17705.341368989986,98.0,2,0
181.14098654506546,17751.816681416414,98.0,2,0
181.20613281686292,17758.201016052564,98.0,2,0
181.1684064109663,17754.503828274697,98.0,2,0
181.20417783304057,17758.009427637975,98.0,2,0
181.29192665076042,17766.60881177452,98.0,2,0
180.74442261793214,17712.95341655735,98.0,2,0
180.654294733188,17704.120883852425,98.0,2,0
180.82885575025972,17721.227863525455,98.0,2,0
181.11222421950617,17748.997973511603,98.0,2,0
180.68877252241407,17707.499707196577,98.0,2,0
181.37742839785616,17774.987982989904,98.0,2,0
181.0150371108138,17739.47363685975,98.0,2,0
181.08809406849562,17746.63321871257,98.0,2,0
180.64757891258037,17703.462733432876,98.0,2,0
181.02011298131,17739.97107216838,98.0,2,0
180.59438527425849,17698.249756877332,98.0,2,0
181.02570585079388,17740.5191733778,98.0,2,0
180.93061387684457,17731.200159930766,98.0,2,0
180.5922396422752,17698.03948494297,98.0,2,0
180.55061588977176,17693.960357197633,98.0,2,0
180.86769846550436,17725.034449619427,98.0,2,0
180.90824218516016,17729.007734145696,98.0,2,0
180.74615053493994,17713.122752424115,98.0,2,0
180.54576918422617,17693.485380054168,98.0,2,0
179.97424669308398,17637.47617592223,98.0,2,0
181.05517307247712,17743.406961102755,98.0,2,0
180.9573588744691,17733.82116969797,98.0,2,0
180.40403457094123,17679.59538795224,98.0,2,0
181.15177471209475,17752.873921785285,98.0,2,0
180.74645934796018,17713.1530161001,98.0,2,0
180.83910311217144,17722.232104992803,98.0,2,0
180.8431010080395,17722.62389878787,98.0,2,0
180.90351587413818,17728.54455566554,98.0,2,0
181.42766618196487,17779.911285832557,98.0,2,0
180.59600558901752,17698.408547723717,98.0,2,0
181.50850850712803,17787.833833698547,98.0,2,0
181.0010654004353,17738.10440924266,98.0,2,0
179.8756861653516,17627.817244204456,98.0,2,0
180.91263357908338,17729.438090750173,98.0,2,0
181.243302757876,17761.843670271846,98.0,2,0
180.77032355614773,17715.49170850248,98.0,2,0
180.4459849095538,17683.706521136275,98.0,2,0
180.78913735043278,17717.335460342412,98.0,2,0
181.12551491078526,17750.300461256957,98.0,2,0
180.48198848812328,17687.23487183608,98.0,2,0
180.84650165455002,17722.9571621459,98.0,2,0
180.19225954244445,17658.841435159557,98.0,2,0
181.18599215465417,17756.227231156106,98.0,2,0
180.57159268622308,17696.016083249862,98.0,2,0
180.95581981258732,17733.67034163356,98.0,2,0
181.18221084912304,17755.856663214057,98.0,2,0
181.0057623989389,17738.564715096014,98.0,2,0
180.9328573674368,17731.420022008806,98.0,2,0
180.63073698401345,17701.81222443332,98.0,2,0
180.6242148394372,17701.173054264844,98.0,2,0
180.58953621856656,17697.774549419526,98.0,2,0
180.84379658442126,17722.692065273284,98.0,2,0
180.91271951846903,17729.446512809965,98.0,2,0
181.38756510211226,17775.981380007004,98.0,2,0
181.11626376314635,17749.393848788342,98.0,2,0
180.850907227691,17723.38890831372,98.0,2,0
181.4610555978314,17783.18344858748,98.0,2,0
180.82470023294232,17720.82062282835,98.0,2,0
180.83371554378368,17721.7041232908,98.0,2,0
180.71827464156092,17710.39091487297,98.0,2,0
180.13876599282608,17653.599067296956,98.0,2,0
180.6114319861714,17699.920334644798,98.0,2,0
180.81632967772163,17720.00030841672,98.0,2,0
180.88638291879718,17726.865526042122,98.0,2,0
181.02804635413273,17740.74854270501,98.0,2,0
180.97969971486071,17736.010572056348,98.0,2,0
180.23225644886853,17662.761131989115,98.0,2,0
181.16905278215228,17754.567172650924,98.0,2,0
180.88833319685907,17727.056653292188,98.0,2,0
181.06805939011454,17744.669820231225,98.0,2,0
180.8018998017147,17718.58618056804,98.0,2,0
181.2355215325218,17761.081110187137,98.0,2,0
181.10400787866064,17748.19277210874,98.0,2,0
181.42081040866466,17779.239420049136,98.0,2,0
181.22781116854725,17760.32549451763,98.0,2,0
180.98424939183676,17736.4564404,98.0,2,0
180.8205792473686,17720.416766242124,98.0,2,0
180.85733133304558,17724.018470638468,98.0,2,0
180.53819897358883,17692.743499411707,98.0,2,0
180.77858166471336,17716.30100314191,98.0,2,0
181.1775979870425,17755.404602730167,98.0,2,0
181.23718244457163,17761.243879568017,98.0,2,0
181.42816637186937,17779.960304443197,98.0,2,0
180.90171994070053,17728.36855418865,98.0,2,0
181.05898626730658,17743.780654196045,98.0,2,0
181.52424532793975,17789.376042138098,98.0,2,0
181.1551180415451,17753.20156807142,98.0,2,0
180.81310185527195,17719.68398181665,98.0,2,0
180.92500109621196,17730.650107428773,98.0,2,0
181.02861427950842,17740.804199391827,98.0,2,0
181.18349376052583,17755.98238853153,98.0,2,0
181.00789591466702,17738.77379963737,98.0,2,0
180.70272134852848,17708.866692155792,98.0,2,0
181.46401474640672,17783.473445147858,98.0,2,0
181.07880997657912,17745.723377704755,98.0,2,0
181.0341044085264,17741.342232035586,98.0,2,0
180.5290436150319,17691.846274273124,98.0,2,0
180.96601766026023,17734.669730705504,98.0,2,0
180.77527796177895,17715.97724025434,98.0,2,0
181.0151055052589,17739.480339515372,98.0,2,0
181.05593053406113,17743.481192337993,98.0,2,0
180.91076871452407,17729.255334023357,98.0,2,0
180.98873048821687,17736.895587845254,98.0,2,0
180.8752662777874,17725.776095223166,98.0,2,0
180.98601256067138,17736.629230945797,98.0,2,0
181.05158681578348,17743.05550794678,98.0,2,0
180.61160851180716,17699.9376341571,98.0,2,0
180.80930759432434,17719.312144243784,98.0,2,0
180.81197688828777,17719.573735052203,98.0,2,0
181.0116680294133,17739.143466882502,98.0,2,0
180.76901412929845,17715.363384671247,98.0,2,0
181.43724788542008,17780.850292771167,98.0,2,0
181.19514411644857,17757.124123411963,98.0,2,0
180.77296973190508,17715.751033726698,98.0,2,0
181.05148914514368,17743.04593622408,98.0,2,0
181.21929266764434,17759.490681429143,98.0,2,0
181.15779796430633,17753.464200502018,98.0,2,0
180.84833084307022,17723.13642262088,98.0,2,0
181.0326070675876,17741.195492623585,98.0,2,0
181.35509027422472,17772.798846874022,98.0,2,0
180.98977983651636,17736.998423978603,98.0,2,0
180.9486235410222,17732.965107020173,98.0,2,0
181.08210509777385,17746.046299581834,98.0,2,0
180.83174927077155,17721.511428535614,98.0,2,0
181.4688289610969,17783.945238187498,98.0,2,0
180.92586920643848,17730.735182230972,98.0,2,0
181.41109248327405,17778.287063360855,98.0,2,0
181.22826066238005,17760.369544913243,98.0,2,0
181.3972115385575,17776.926730778636,98.0,2,0
181.02152407270523,17740.109359125116,98.0,2,0
181.0386482154129,17741.787525110467,98.0,2,0
181.41492089392372,17778.662247604527,98.0,2,0
181.14295167232564,17752.009263887914,98.0,2,0
181.08729328507926,17746.554741937765,98.0,2,0
181.21121373856835,17758.6989463797,98.0,2,0
180.81108452476172,17719.486283426646,98.0,2,0
181.28198691942748,17765.63471810389,98.0,2,0
181.28025630659522,17765.46511804633,98.0,2,0
180.01012441307356,17640.992192481208,98.0,2,0
180.87223392282127,17725.478924436484,98.0,2,0
180.91427503546268,17729.598953475343,98.0,2,0
181.2121343043453,17758.789161825844,98.0,2,0
181.05786725443008,17743.670990934148,98.0,2,0
180.4271621892944,17681.86189455085,98.0,2,0
181.02301270152998,17740.255244749937,98.0,2,0
180.96102177508038,17734.180133957878,98.0,2,0
180.92189831488864,17730.346034859085,98.0,2,0
180.68225150070094,17706.86064706869,98.0,2,0
180.76004205501278,17714.48412139125,98.0,2,0
181.21900012729145,17759.462012474563,98.0,2,0
180.93230723432674,17731.366108964023,98.0,2,0
180.98421498888413,17736.453068910643,98.0,2,0
180.68660243187134,17707.287038323393,98.0,2,0
180.33444878523943,17672.775980953462,98.0,2,0
180.6680456883828,17705.468477461516,98.0,2,0
180.90651490467945,17728.838460658586,98.0,2,0
180.79525648085033,17717.93513512333,98.0,2,0
181.01748015008502,17739.713054708332,98.0,2,0
180.72263211222378,17710.81794699793,98.0,2,0
181.14915528245865,17752.61721768095,98.0,2,0
180.4612724629213,17685.204701366285,98.0,2,0
180.88691558968802,17726.917727789423,98.0,2,0
180.7807690077232,17716.515362756876,98.0,2,0
181.10343702631096,17748.136828578474,98.0,2,0
181.02725470652425,17740.670961239375,98.0,2,0
180.91495397115472,17729.665489173163,98.0,2,0
180.9152032019912,17729.68991379514,98.0,2,0
180.79126557321766,17717.54402617533,98.0,2,0
181.04461230810978,17742.372006194757,98.0,2,0
180.92262028220566,17730.416787656155,98.0,2,0
181.17038863055242,17754.698085794138,98.0,2,0
181.04231899957873,17742.147261958715,98.0,2,0
181.11764190028123,17749.52890622756,98.0,2,0
181.26270235543132,17763.744830832267,98.0,2,0
181.25529418478146,17763.018830108584,98.0,2,0
180.96637881927768,17734.705124289212,98.0,2,0
181.10645375544655,17748.432468033763,98.0,2,0
180.70243840687138,17708.838963873397,98.0,2,0
181.05175596662025,17743.072084728785,98.0,2,0
180.99024430604197,17737.043941992113,98.0,2,0
180.9653297423102,17734.6023147464,98.0,2,0
180.8148101831166,17719.85139794543,98.0,2,0
180.51864101656403,17690.826819623275,98.0,2,0
181.25596038425695,17763.08411765718,98.0,2,0
181.20836943929356,17758.420205050767,98.0,2,0
181.52599786904779,17789.547791166682,98.0,2,0
181.5711871263507,17793.976338382367,98.0,2,0
180.99490633592043,17737.500820920202,98.0,2,0
180.80066379807633,17718.46505221148,98.0,2,0
181.06628601378307,17744.496029350743,98.0,2,0
181.3887374471253,17776.096269818278,98.0,2,0
181.31491790866068,17768.861955048746,98.0,2,0
181.5388192113731,17790.804282714562,98.0,2,0
181.13597311878996,17751.325365641416,98.0,2,0
180.7345708083831,17711.987939221544,98.0,2,0
181.03218540708033,17741.15416989387,98.0,2,0
180.95822729524085,17733.9062749336,98.0,2,0
181.23379180673749,17760.911597060272,98.0,2,0
180.89076465968407,17727.29493664904,98.0,2,0
181.28396726320682,17765.828791794265,98.0,2,0
180.8025435603027,17718.649268909663,98.0,2,0
181.03286082135003,17741.2203604923,98.0,2,0
181.0841418836397,17746.24590459669,98.0,2,0
181.00680334186174,17738.666727502452,98.0,2,0
180.84534232887142,17722.843548229397,98.0,2,0
180.95731588355832,17733.816956588715,98.0,2,0
180.99817664133613,17737.82131085094,98.0,2,0
181.03372576824802,17741.305125288305,98.0,2,0
180.5812606807087,17696.963546709452,98.0,2,0
180.95651625634113,17733.73859312143,98.0,2,0
180.97901169288596,17735.943145902824,98.0,2,0
180.96442695243067,17734.513841338205,98.0,2,0
180.92149435949898,17730.306447230898,98.0,2,0
181.1142110213363,17749.192680090957,98.0,2,0
180.74518979006965,17713.028599426823,98.0,2,0
180.9672989213841,17734.795294295644,98.0,2,0
181.0881629534214,17746.6399694353,98.0,2,0
180.80318732347502,17718.71235770055,98.0,2,0
181.1067551884963,17748.462008472638,98.0,2,0
181.58138869289706,17794.97609190391,98.0,2,0
181.4035740929944,17777.55026111345,98.0,2,0
181.2690679312859,17764.36865726602,98.0,2,0
180.89416709902068,17727.628375704026,98.0,2,0
180.96809004469475,17734.872824380087,98.0,2,0
181.04283078471772,17742.197416902338,98.0,2,0
181.00277728191378,17738.272173627553,98.0,2,0
181.0247765500774,17740.428101907586,98.0,2,0
181.54588251566855,17791.496486535518,98.0,2,0
180.46404721453968,17685.47662702489,98.0,2,0
181.13179485952662,17750.91589623361,98.0,2,0
180.7096579832497,17709.54648235847,98.0,2,0
180.99467408889547,17737.478060711757,98.0,2,0
180.8460035720669,17722.908350062557,98.0,2,0
180.6448053782843,17703.19092707186,98.0,2,0
181.04356232389694,17742.2691077419,98.0,2,0
181.13085085618454,17750.823383906085,98.0,2,0
181.4325215901763,17780.38711583728,98.0,2,0
181.41606772406055,17778.774636957936,98.0,2,0
181.02352028835023,17740.304988258322,98.0,2,0
181.3513419384886,17772.43150997188,98.0,2,0
180.94810770124664,17732.91455472217,98.0,2,0
180.92486357456423,17730.636630307294,98.0,2,0
180.9121179444841,17729.38755855944,98.0,2,0
180.91442972922272,17729.614113463827,98.0,2,0
180.83864429375512,17722.187140788003,98.0,2,0
181.31459060671193,17768.82987945777,98.0,2,0
180.9515982744441,17733.256630895525,98.0,2,0
181.05910677721062,17743.79246416664,98.0,2,0
181.01620678206896,17739.588264642756,98.0,2,0
181.12763076175824,17750.507814652305,98.0,2,0
181.16538145511683,17754.20738260145,98.0,2,0
181.15763239774734,17753.44797497924,98.0,2,0
181.07548290035004,17745.3973242343,98.0,2,0
181.17809384389113,17755.45319670133,98.0,2,0
181.00269985943925,17738.264586225047,98.0,2,0
181.53814572206235,17790.73828076211,98.0,2,0
181.21472411612675,17759.04296338042,98.0,2,0
180.92746140175868,17730.89121737235,98.0,2,0
181.09115949841674,17746.93363084484,98.0,2,0
180.95844225216433,17733.927340712104,98.0,2,0
180.61032371710422,17699.811724276213,98.0,2,0
181.23951184555324,17761.472160864218,98.0,2,0
181.33400682413028,17770.73266876477,98.0,2,0
180.71728117872127,17710.293555514683,98.0,2,0
180.68590072046098,17707.218270605175,98.0,2,0
180.89183171398176,17727.39950797021,98.0,2,0
180.9825120590758,17736.286181789426,98.0,2,0
181.13456024254083,17751.186903769,98.0,2,0
181.05992452722546,17743.872603668096,98.0,2,0
180.97002488628397,17735.062438855828,98.0,2,0
181.09092971356253,17746.911111929126,98.0,2,0
181.1999268139307,17757.592827765206,98.0,2,0
181.02748703716978,17740.693729642637,98.0,2,0
181.32214469223635,17769.570179839164,98.0,2,0
180.82820321837076,17721.163915400335,98.0,2,0
180.9318000833295,17731.31640816629,98.0,2,0
180.7842025277038,17716.851847714974,98.0,2,0
181.18602655858086,17756.230602740925,98.0,2,0
180.84128909962507,17722.446331763258,98.0,2,0
181.09036729871735,17746.8559952743,98.0,2,0
181.1667452060891,17754.34103019673,98.0,2,0
181.07754668261188,17745.599574895965,98.0,2,0
181.3970649809094,17776.91236812912,98.0,2,0
181.06502056744478,17744.372015609588,98.0,2,0
181.295719756101,17766.980536097897,98.0,2,0
180.7423333500229,17712.748668302243,98.0,2,0
180.74458932971226,17712.9697543118,98.0,2,0
180.97393769237308,17735.445893852564,98.0,2,0
180.87714759160744,17725.960463977528,98.0,2,0
181.4250617894428,17779.656055365394,98.0,2,0
181.32569086914023,17769.917705175743,98.0,2,0
180.8383265787743,17722.15600471988,98.0,2,0
180.92212178034723,17730.367934474027,98.0,2,0
180.93321839410837,17731.455402622618,98.0,2,0
181.1389195535846,17751.61411625129,98.0,2,0
181.41745601152078,17778.910689129036,98.0,2,0
180.2607096017771,17665.549540974156,98.0,2,0
181.03489611604476,17741.41981937239,98.0,2,0
180.99837290865344,17737.840545048035,98.0,2,0
181.1124826070951,17749.02329549532,98.0,2,0
180.91480045144124,17729.65044424124,98.0,2,0
180.9695949179109,17735.02030195527,98.0,2,0
180.87018950291935,17725.278571286097,98.0,2,0
181.3620531113663,17773.481204913896,98.0,2,0
181.28546149613217,17765.975226620954,98.0,2,0
181.21566179250507,17759.1348556655,98.0,2,0
180.86771564483777,17725.036133194102,98.0,2,0
180.9317227215629,17731.308826713164,98.0,2,0
181.39972029737487,17777.172589142738,98.0,2,0
181.38391024139807,17775.62320365701,98.0,2,0
181.35862333021598,17773.145086361168,98.0,2,0
181.0649344833024,17744.36357936364,98.0,2,0
181.08194629992693,17746.030737392837,98.0,2,0
181.38653069262665,17775.88000787741,98.0,2,0
181.23298150941005,17760.832187922184,98.0,2,0
181.18128096496645,17755.76553456671,98.0,2,0
180.78790991412922,17717.215171584663,98.0,2,0
181.09320051406493,17747.133650378364,98.0,2,0
181.40469491440277,17777.660101611473,98.0,2,0
181.18123127734776,17755.76066518008,98.0,2,0
181.22695928241882,17760.242009677044,98.0,2,0
180.68054312501692,17706.69322625166,98.0,2,0
181.30084499182587,17767.482809198937,98.0,2,0
181.46186655023135,17783.262921922673,98.0,2,0
180.62991086480562,17701.731264750953,98.0,2,0
180.831835133329,17721.519843066246,98.0,2,0
180.9724155476989,17735.29672367449,98.0,2,0
180.66896323230546,17705.558396765933,98.0,2,0
180.72120021454435,17710.677621025345,98.0,2,0
180.97366250047935,17735.418925046975,98.0,2,0
180.99065716984381,17737.084402644694,98.0,2,0
181.02839055090473,17740.782273988665,98.0,2,0
181.08626863705817,17746.4543264317,98.0,2,0
180.92371183897168,17730.523760219225,98.0,2,0
181.02838194596947,17740.78143070501,98.0,2,0
181.0749810553526,17745.348143424555,98.0,2,0
181.01948488063042,17739.909518301778,98.0,2,0
180.88447563907667,17726.678612629512,98.0,2,0
181.54349060168838,17791.26207896546,98.0,2,0
180.80772812992234,17719.15735673239,98.0,2,0
181.20917991601937,17758.499631769897,98.0,2,0
180.98445580982724,17736.47666936307,98.0,2,0
180.2650449305963,17665.974403198437,98.0,2,0
180.30802573538222,17670.186522067455,98.0,2,0
180.98428379480248,17736.459811890643,98.0,2,0
181.1177711017129,17749.541567967863,98.0,2,0
180.93046775103477,17731.18583960141,98.0,2,0
180.67468870801943,17706.119493385904,98.0,2,0
180.87547244725553,17725.796299831043,98.0,2,0
180.83783712815065,17722.108038558767,98.0,2,0
180.80432869538205,17718.82421214744,98.0,2,0
180.77866747678812,17716.309412725237,98.0,2,0
181.37060227626526,17774.319023073997,98.0,2,0
181.31871642034102,17769.23420919342,98.0,2,0
180.93214391420372,17731.350103591965,98.0,2,0
181.04840784442882,17742.743968754025,98.0,2,0
181.04374305801662,17742.28681968563,98.0,2,0
181.45619003564167,17782.706623492882,98.0,2,0
180.9430182397905,17732.415787499467,98.0,2,0
181.0669660908912,17744.56267690734,98.0,2,0
180.87442508479637,17725.693658310043,98.0,2,0
180.89484588379858,17727.69489661226,98.0,2,0
181.2093194447877,17758.513305589197,98.0,2,0
181.1901841365468,17756.638045381587,98.0,2,0
181.3101807588307,17768.397714365412,98.0,2,0
180.86502711886897,17724.77265764916,98.0,2,0
181.08858487473532,17746.68131772406,98.0,2,0
180.78363613483407,17716.796341213736,98.0,2,0
181.0422971951628,17742.145125125957,98.0,2,0
180.9564474715343,17733.73185221036,98.0,2,0
181.08342959538308,17746.17610034754,98.0,2,0
181.46303985589518,17783.377905877725,98.0,2,0
180.84326416745117,17722.639888410213,98.0,2,0
180.78241754402504,17716.676919314454,98.0,2,0
180.9174806879944,17729.913107423454,98.0,2,0
181.096903153528,17747.496509045744,98.0,2,0
181.16900107228767,17754.56210508419,98.0,2,0
181.16456189898653,17754.127066100682,98.0,2,0
181.03120440860312,17741.058032043104,98.0,2,0
180.95646917960505,17733.733979601297,98.0,2,0
180.92514721319176,17730.664426892792,98.0,2,0
180.8953957891259,17727.748787334338,98.0,2,0
181.08482209488645,17746.31256529887,98.0,2,0
181.46392847248765,17783.46499030379,98.0,2,0
72.85822692242999,7140.106238398139,98.0,2,0
361.2207694274278,35399.63540388792,98.0,2,1
3897.256734962532,381931.1600263282,98.0,2,1
3282.965577694251,321730.6266140366,98.0,2,1
3711.9838187722253,363774.41423967807,98.0,2,1
3581.898125612515,351026.01631002646,98.0,2,1
3573.9174310721924,350243.90824507485,98.0,2,1
1091.5909261265954,106975.91076040635,98.0,2,1
123.97833277978023,12149.876612418462,98.0,2,0
180.58351512412693,17697.184482164437,98.0,2,0
180.34707263194173,17674.01311793029,98.0,2,0
181.1279355253216,17750.537681481517,98.0,2,0
181.04590328899855,17742.498522321857,98.0,2,0
180.9662498337488,17734.692483707386,98.0,2,0
180.97638865709703,17735.68608839551,98.0,2,0
180.23945665368092,17663.46675206073,98.0,2,0
180.4994941079164,17688.950422575806,98.0,2,0
181.415834907747,17778.75182095921,98.0,2,0
181.03513707188137,17741.443433044373,98.0,2,0
180.8610503084835,17724.382930231382,98.0,2,0
181.15837266699856,17753.52052136586,98.0,2,0
180.81757448046784,17720.122299085848,98.0,2,0
181.10204249929407,17748.00016493082,98.0,2,0
180.9939085381076,17737.403036734544,98.0,2,0
181.2205273514694,17759.611680444003,98.0,2,0
180.95649046203243,17733.73606527918,98.0,2,0
180.84086539492262,17722.404808702417,98.0,2,0
180.8685917951688,17725.121995926544,98.0,2,0
180.95490842515557,17733.581025665248,98.0,2,0
181.07485191496278,17745.33548766635,98.0,2,0
7.168908948579255,702.553076960767,98.0,2,0
9.572121448233764,938.0679019269088,98.0,2,0
9.571596281462467,938.0164355833217,98.0,2,0
9.562541447643095,937.1290618690233,98.0,2,0
9.566872827007693,937.5535370467538,98.0,2,0
9.564504895828602,937.321479791203,98.0,2,0
9.571538944385864,938.0108165498148,98.0,2,0
9.571472962092274,938.004350285043,98.0,2,0
9.552460707705412,936.1411493551303,98.0,2,0
9.572049996681367,938.060899674774,98.0,2,0
9.562166748715654,937.0923413741341,98.0,2,0
9.547593565439943,935.6641694131145,98.0,2,0
9.571638602126306,938.020583008378,98.0,2,0
9.555053044185215,936.3951983301511,98.0,2,0
9.573871206355298,938.2393782228191,98.0,2,0
9.562552348415092,937.130130144679,98.0,2,0
4.7741637886743336,467.8680512900847,98.0,2,0
5.98314541427426,586.3482505988775,98.0,2,0
9.569091382923705,937.770955526523,98.0,2,0
9.575364286639694,938.38570009069,98.0,2,0
9.561340698091794,937.0113884129958,98.0,2,0
9.551117942813866,936.0095583957589,98.0,2,0
9.573211558004859,938.1747326844761,98.0,2,0
9.95385816946295,975.4781006073691,98.0,2,0
9.575664416008948,938.4151127688768,98.0,2,0
9.564341774448453,937.3054938959483,98.0,2,0
9.557961235693972,936.6802010980091,98.0,2,0
9.571793326017957,938.0357459497598,98.0,2,0
9.56281079483061,937.1554578933997,98.0,2,0
9.948431769733789,974.9463134339113,98.0,2,0
9.573293041734377,938.182718089969,98.0,2,0
9.558823917623982,936.7647439271502,98.0,2,0
9.559350407094769,936.8163398952875,98.0,2,0
9.556307554552046,936.5181403461005,98.0,2,0
9.543857786195195,935.2980630471291,98.0,2,0
9.553780275088801,936.2704669587026,98.0,2,0
9.566811455069034,937.5475225967654,98.0,2,0
9.556111147053207,936.4988924112143,98.0,2,0
9.955711923752274,975.6597685277229,98.0,2,0
9.573739633622907,938.226484095045,98.0,2,0
9.568565184262516,937.7193880577266,98.0,2,0
9.562859397035192,937.1602209094489,98.0,2,0
9.543578648018016,935.2707075057656,98.0,2,0
9.566198688078627,937.4874714317054,98.0,2,0
9.972741721714478,977.3286887280188,98.0,2,0
9.564632125279847,937.333948277425,98.0,2,0
9.570018852300826,937.861847525481,98.0,2,0
9.557510216236572,936.6360011911842,98.0,2,0
9.571800607265507,938.0364595120196,98.0,2,0
9.558105534608519,936.6943423916349,98.0,2,0
9.563106503735009,937.1844373660309,98.0,2,0
9.575804695367678,938.4288601460324,98.0,2,0
9.576651013233297,938.5117992968632,98.0,2,0
9.568513340681058,937.7143073867436,98.0,2,0
9.572399072669732,938.0951091216338,98.0,2,0
9.563267311645143,937.200196541224,98.0,2,0
9.971222958643487,977.1798499470617,98.0,2,0
9.562085908434673,937.0844190265981,98.0,2,0
9.571953971115915,938.0514891693597,98.0,2,0
9.560710470686688,936.9496261272953,98.0,2,0
9.572012223361764,938.0571978894528,98.0,2,0
9.56686191638327,937.5524678055605,98.0,2,0
9.552052808046463,936.1011751885534,98.0,2,0
9.539073979180275,934.8292499596669,98.0,2,0
0.44033086719512127,43.15242498512188,98.0,2,0
9.565299680975487,937.3993687355978,98.0,2,0
9.555828116728602,936.471155439403,98.0,2,0
1.9928486909348966,195.29917171161986,98.0,2,0
9.955319662225342,975.6213268980836,98.0,2,0
9.569513475189643,937.812320568585,98.0,2,0
9.571928941071807,938.049036225037,98.0,2,0
9.562666353811345,937.1413026735117,98.0,2,0
9.572712671114006,938.1258417691727,98.0,2,0
9.580844268789752,938.9227383413956,98.0,2,0
9.570354131914542,937.8947049276251,98.0,2,0
9.55990328346189,936.8705217792652,98.0,2,0
9.555736044772464,936.4621323877014,98.0,2,0
9.57076723598,937.9351891260401,98.0,2,0
9.970626106608172,977.121358447601,98.0,2,0
9.562686339101077,937.1432612319055,98.0,2,0
9.573790623318388,938.2314810852021,98.0,2,0
9.558262090245423,936.7096848440514,98.0,2,0
9.555508367061135,936.4398199719913,98.0,2,0
9.548930357508747,935.7951750358571,98.0,2,0
9.569649025647978,937.8256045135018,98.0,2,0
9.564601680781657,937.3309647166024,98.0,2,0
9.566512334965603,937.5182088266291,98.0,2,0
9.573704578522326,938.223048695188,98.0,2,0
9.561126829190686,936.9904292606873,98.0,2,0
9.560590155735357,936.9378352620649,98.0,2,0
9.569314705119615,937.7928411017223,98.0,2,0
9.545788222442015,935.4872457993174,98.0,2,0
9.565555549009371,937.4244438029184,98.0,2,0
9.566264143122059,937.4938860259617,98.0,2,0
9.568700253073663,937.732624801219,98.0,2,0
9.553009161041512,936.1948977820681,98.0,2,0
9.546567224775462,935.5635880279953,98.0,2,0
9.546532368380523,935.5601721012912,98.0,2,0
9.560921596693811,936.9703164759935,98.0,2,0
9.569266946951009,937.7881608011988,98.0,2,0
9.535830377284816,934.511376973912,98.0,2,0
9.554932418104684,936.3833769742591,98.0,2,0
9.56641914787341,937.5090764915941,98.0,2,0
9.56392331858223,937.2644852210585,98.0,2,0
9.548101611011543,935.7139578791312,98.0,2,0
9.552874988125726,936.1817488363213,98.0,2,0
9.348088659804178,916.1126886608095,98.0,2,0
9.552834646330595,936.1777953403982,98.0,2,0
9.568574734457219,937.7203239768074,98.0,2,0
9.564401297204276,937.311327126019,98.0,2,0
9.566624161872701,937.5291678635247,98.0,2,0
9.562736302690878,937.148157663706,98.0,2,0
9.556871420473811,936.5733992064335,98.0,2,0
9.562964779213042,937.170548362878,98.0,2,0
9.567409751395681,937.6061556367767,98.0,2,0
9.57314191100037,938.1679072780362,98.0,2,0
9.571450209788175,938.0021205592411,98.0,2,0
9.955828662970253,975.6712089710849,98.0,2,0
9.562218523546239,937.0974153075315,98.0,2,0
9.569341540871163,937.795471005374,98.0,2,0
9.562000528049081,937.07605174881,98.0,2,0
9.566525063099602,937.519456183761,98.0,2,0
9.566395055896148,937.5067154778225,98.0,2,0
9.549867965492199,935.8870606182355,98.0,2,0
9.56476481102749,937.3469514806942,98.0,2,0
9.54412834412804,935.324577724548,98.0,2,0
9.550100357680627,935.9098350527015,98.0,2,0
9.57100155644909,937.9581525320109,98.0,2,0
9.555968722646805,936.4849348193868,98.0,2,0
9.564515346691639,937.3225039757807,98.0,2,0
9.554186508679424,936.3102778505835,98.0,2,0
9.565012016211147,937.3711775886925,98.0,2,0
9.544644165963279,935.3751282644013,98.0,2,0
9.570755406512987,937.9340298382727,98.0,2,0
9.56415366923544,937.2870595850732,98.0,2,0
9.567033761608654,937.5693086376481,98.0,2,0
9.549099294527181,935.8117308636638,98.0,2,0
9.559284138850275,936.809845607327,98.0,2,0
9.57319425996144,938.1730374762211,98.0,2,0
9.558572947797856,936.7401488841899,98.0,2,0
9.558960073134191,936.7780871671507,98.0,2,0
9.968705192800844,976.9331088944828,98.0,2,0
9.575078293154071,938.357672729099,98.0,2,0
9.555941054703645,936.4822233609573,98.0,2,0
9.5710789074723,937.9657329322854,98.0,2,0
2.3905139835739595,234.27037039024802,98.0,2,0
99.16302867085648,9717.976809743936,98.0,2,0
180.95216572025097,17733.312240584597,98.0,2,0
181.20658066050518,17758.24490472951,98.0,2,0
181.00175359010228,17738.171851830026,98.0,2,0
180.9194488258588,17730.105984934162,98.0,2,0
180.62386283604187,17701.138557932103,98.0,2,0
181.06930766127584,17744.792150805035,98.0,2,0
180.20811943918488,17660.39570504012,98.0,2,0
181.16205498211724,17753.88138824749,98.0,2,0
112.850018803089,11059.301842702722,98.0,2,0
167.74797400944806,174793.38891784486,1042.0,2,1
1355.7066658179258,1412646.3457822786,1042.0,2,1
1462.2182846553956,1523631.452610922,1042.0,2,1
1724.5303258480396,1796960.5995336573,1042.0,2,1
1250.5846219066937,1303109.1760267748,1042.0,2,1
1695.4719933953727,1766681.8171179784,1042.0,2,1
1823.6254274973724,1900217.695452262,1042.0,2,1
1596.9117262187297,1663982.0187199162,1042.0,2,1
1056.2261692477275,1100587.668356132,1042.0,2,1
1283.927883524522,1337852.854632552,1042.0,2,1
1162.7057245947399,1211539.365027719,1042.0,2,1
1454.5965009642202,1515689.5540047174,1042.0,2,1
1635.0120307044197,1703682.5359940052,1042.0,2,1
1549.1736235043213,1614238.9156915029,1042.0,2,1
1734.4983918495134,1807347.324307193,1042.0,2,1
1425.0613865181726,1484913.9647519358,1042.0,2,1
1404.0132511994952,1462981.807749874,1042.0,2,1
1268.9308722196654,1322225.9688528914,1042.0,2,1
1052.1437300820787,1096333.766745526,1042.0,2,1
1413.925476056549,1473310.3460509242,1042.0,2,1
1471.602502861789,1533409.807981984,1042.0,2,1
1697.5593346173623,1768856.8266712916,1042.0,2,1
1876.1064315845904,1954902.901711143,1042.0,2,1
1899.725415581319,1979513.8830357345,1042.0,2,1
1944.9956157608742,2026685.431622831,1042.0,2,1
1768.3598697638,1842630.9842938797,1042.0,2,1
1695.3527093797165,1766557.5231736647,1042.0,2,1
1967.076590857392,2049693.8076734024,1042.0,2,1
1897.211366967878,1976894.2443805288,1042.0,2,1
1655.3680557779653,1724893.5141206398,1042.0,2,1
1287.7664483355093,1341852.6391656008,1042.0,2,1
1550.7568226375777,1615888.609188356,1042.0,2,1
1480.218953448192,1542388.149493016,1042.0,2,1
1725.8471929483762,1798332.775052208,1042.0,2,1
197.64853802766476,205949.77662482669,1042.0,2,1
